TP,FP,FN,TN,Precision,Recall,F1,IoU,Accuracy,Image,Inference_ms
2054,18696,750,151556,0.09898795180675186,0.7325249643105377,0.17440772293138954,0.09553488372048588,0.887631749260355,1616.rf.c868709931a671796794fdbb95352c5a.jpg,3.52169998222962
2654,14794,1598,154010,0.15210912425405715,0.6241768579345208,0.24460826341855027,0.1393468444810493,0.9052792159763313,1675.rf.e3aa3f8d28d0247ef0284dd46dacc29f.jpg,7.288499997230247
5198,9157,3094,155607,0.3621037965840327,0.6268692715795119,0.45904530174932134,0.2978967276044593,0.929207886464497,1686.rf.809fb1b51c607e5cf787e44ef4ddd7b8.jpg,3.3753000025171787
6801,91591,1445,73219,0.06912147329044117,0.8247635216974925,0.1275530156070294,0.06812103729071574,0.46239367603550297,1706.rf.011d213c21ec78896c36728dcbc156f5.jpg,5.537599994568154
3379,4278,1037,164362,0.4412955465529412,0.7651721014319481,0.5597614047660449,0.3886588451761139,0.9692873982988166,1716.rf.85ea38b36008beaa72c5d8541f734eb0.jpg,2.767699974356219
4653,5910,2720,159773,0.44049985799071756,0.6310863963023046,0.51884473302097,0.35029737257885796,0.950131749260355,1722.rf.38b38f2e833309a4f35bfbf0432dffff.jpg,3.197099984390661
3885,110277,676,58218,0.034030588111601034,0.8517868888214912,0.06544645201714193,0.033830265243182715,0.3588607156065089,1794.rf.7a03ca09d05e9e2941f768bc8570cb54.jpg,5.586299987044185
4933,38957,777,128389,0.11239462292068263,0.863922942191525,0.19891126994815458,0.11043947433203385,0.7703980214497042,1804.rf.7e39a73f7b0d1c4bdf8094006e0cf495.jpg,4.845200019190088
2974,4678,283,165121,0.38865656037129304,0.9131102241046021,0.5452378350878638,0.37479521108538383,0.9713329789201184,1806.rf.8c87862452f4ce0232a666c180ec9942.jpg,7.424100011121482
4114,79,3098,165765,0.9811590746248233,0.5704381586166052,0.721437919295352,0.5642573035171546,0.9816417806952663,1813.rf.79f1af872f76dd8b46df4a83ed5f54c6.jpg,2.5642999971751124
3828,46807,493,121928,0.07559988150473862,0.885906040247954,0.13931143466994095,0.07487091222016337,0.7266780695266272,1818.rf.7e52c1687bfb625e86c54c9d71a66d99.jpg,3.706199990119785
1822,760,523,169951,0.7056545313437005,0.7769722814167603,0.7395980828236471,0.5867954911244189,0.9925862148668639,1819.rf.d2d41865c85e1019dc3e8b9daf73c434.jpg,2.2684999858029187
1755,10740,176,160385,0.1404561824718651,0.9088555152299919,0.24331066584267141,0.1385052482034685,0.9369221523668639,1839.rf.3495cbba8ee9a583ed0dff8d0e5fc0f7.jpg,2.7396999939810485
4526,117877,528,50125,0.03697621790312576,0.895528294402542,0.07102002266856067,0.03681740163177977,0.3157995099852071,1896.rf.e718dd26abc98c2645ea37a808039034.jpg,4.381700011435896
795,30991,751,140519,0.02501101113689986,0.5142302716355608,0.047701899229922726,0.024433721609169765,0.8165796042899408,1921.rf.e704f0b0e352f4ac12f23e71ffa6d9ad.jpg,4.088899993803352
3355,9187,972,159542,0.2675011959793693,0.7753639935110848,0.3977710211927687,0.24826106259990927,0.9412964589497042,1957.rf.e4ee900c82e7bab356690f56f27959c6.jpg,3.0858999816700816
3772,11924,1721,155639,0.2403160040759409,0.686692153637599,0.3560337527079173,0.21657001779745896,0.9211526904585798,1960.rf.a23272eb27c0f5ab6327f98571919ad9.jpg,4.80179997975938
3616,13620,3359,152461,0.20979345555691695,0.5184229390606678,0.29870715818549415,0.17557659626037592,0.9018872503698225,1974.rf.c900dacf421e72dd3b10be4d3f6e4b40.jpg,3.1777000112924725
3124,3646,1186,165100,0.4614475627701411,0.724825986062069,0.5638988694220152,0.3926596279488102,0.9720784023668639,1979.rf.d3ee9d85b659ee844d1c26680f05d419.jpg,2.94990002294071
3124,3646,1186,165100,0.4614475627701411,0.724825986062069,0.5638988694220152,0.3926596279488102,0.9720784023668639,1979.rf.dea5db582b997afc4acb0f68d74c3b84.jpg,2.866599999833852
1508,88546,240,82762,0.016745508250586596,0.8627002287835983,0.032853311006842925,0.016700998958937802,0.486952200443787,1998.rf.c310ef9093282f4e2e72be168ab5f879.jpg,4.036099999211729
3098,25073,521,144364,0.10997124702669421,0.8560375794181808,0.19490403770239315,0.10797434825000705,0.8521056767751479,2015.rf.7ace4a935989f5dd884bd52642f0bcdd.jpg,4.6928999945521355
2640,14254,147,156015,0.1562684976905631,0.9472551129907695,0.2682790265473834,0.15492048588606935,0.916784162352071,2026.rf.30a92a40e9e192eb71ac0461019aea44.jpg,5.109199992148206
1907,179,2580,168390,0.914189836964804,0.42500557164196556,0.5802525049575689,0.4087012430259601,0.9840571838017751,2043.rf.37ea25ead4d12143a2825d97dbb5c6a5.jpg,2.004999987548217
2150,34351,30,136525,0.0589024958218709,0.9862385320648515,0.11116567794395378,0.05885412389461319,0.8013302052514792,2064.rf.f9f37327dfaaa571b91ccc5d25cc8039.jpg,3.8773999840486795
2654,199,2020,168183,0.930248860815624,0.5678219939972653,0.7051945855635214,0.5446336958640543,0.9871775610207101,2067.rf.23ed68b28ea7c5e4cbfb234ffa9702ea.jpg,1.9696000090334564
2319,269,373,170095,0.8960587325774321,0.8614413075460089,0.8784090408952193,0.7831813576229929,0.9962902181952663,2084.rf.950ff4fcd9bc177e7831cb4c9a2dd6eb.jpg,2.2418999869842082
2933,81897,89,88137,0.03457503241773597,0.9705493050638468,0.06677138160061598,0.03453879579359797,0.5262458394970414,2091.rf.ab9d969f82e8610c30ec3f7576494f44.jpg,5.0592000188771635
1171,690,347,170848,0.6292315958823625,0.7714097496198017,0.6931044192519312,0.5303442028745315,0.9940077200443787,2137.rf.44786d7aeaf45f9497f47125a5bab284.jpg,2.2561999794561416
3358,295,1074,168329,0.9192444565858406,0.7576714801273089,0.8306740382605777,0.7103871377044556,0.9920892659023669,2147.rf.68491b477ce9af3d84c550103dd511e3.jpg,2.762099989922717
375,329,1063,171289,0.5326704544697911,0.26077885950898616,0.3501400118608719,0.21222410864673322,0.9919563609467456,2197.rf.b97a6e0452cf8a431fdcb24bfb4d643d.jpg,2.315299992915243
2025,7570,297,163164,0.21104742052932726,0.8720930232182562,0.3398506021665968,0.20471087747467942,0.9545407267011834,2205.rf.eaf969e5ee1bad463953679d0f0a317f.jpg,4.297299979953095
2130,350,1384,169192,0.8588709677073036,0.6061468411893527,0.7107106621749133,0.5512422360105786,0.9899801220414202,2222.rf.bfd72b1a6235ed53983e11289c619b4e.jpg,2.071599999908358
2422,636,1647,168351,0.7920209286856763,0.5952322437799157,0.679668815867105,0.5147715196489953,0.986807738535503,2232.rf.93366df80c896bda322de47beba47441.jpg,2.2114000166766346
1105,16045,74,155832,0.06443148688009077,0.9372349447890386,0.12057394180498532,0.06415466790487602,0.9068567400147929,2233.rf.48068254cb62ce6f233708947ac13b1c.jpg,3.8269000069703907
612,6016,6,166422,0.09233554616637997,0.9902912619756811,0.1689207682732372,0.09225203496996907,0.9652020155325444,2240.rf.66f2163089851cb1d7874b913e592b94.jpg,3.58099999721162
1197,412,8,171439,0.7439403355659453,0.9933609957681857,0.8507462196268406,0.7402597402139603,0.9975730399408284,2243.rf.97ce3609d517af6979f6d5db3295814f.jpg,2.1667999972123653
3857,5298,642,163259,0.4212998361505046,0.8573016225637409,0.5649626041139312,0.39369194651022055,0.965675850591716,2252.rf.87849e818065fa8392978ab64926d339.jpg,3.236699994886294
2224,532,502,169798,0.8069666182580927,0.8158473954212823,0.8113826570131246,0.6826273787390231,0.9940250554733728,2271.rf.8da6d46618460757719f6df2f8d89297.jpg,2.98839999595657
1357,1754,445,169500,0.43619414977704296,0.7530521642201413,0.5524119217744294,0.3816085489206522,0.9872931305473372,2274.rf.5712706f169ad5ab788f546227533d28.jpg,2.14239998604171
1382,688,313,170673,0.6676328502092932,0.8153392329902455,0.734130096539367,0.5799412505002123,0.9942157451923077,2275.rf.586655e669fa91476d091094ff24d359.jpg,2.4744000111240894
310,31399,7302,134045,0.009776404175439854,0.040725170782439236,0.015767624737793882,0.007946476634774944,0.7763671875,2323.rf.06768caef93b3a44d3c59325a03230eb.jpg,5.0543000106699765
3524,38947,57,130528,0.08297426479225124,0.9840826584478056,0.1530443702653763,0.08286305492832284,0.7746163091715976,2339.rf.998318533e4ed9c7bcb7d32a307f3ef5.jpg,5.492700001923367
2324,23162,2,147568,0.0911873185274614,0.9991401547291858,0.16712209023704405,0.09118016321370379,0.866147374260355,2363.rf.66dcd237b513dd108c4b8e9ffec97d8d.jpg,3.941500006476417
3907,288,439,168422,0.9313468414557486,0.8989875747607228,0.9148811114507115,0.8431160983849134,0.9957990477071006,2369.rf.a3202ed06db3bc7523390481441fb197.jpg,2.064500004053116
2096,903,17,170040,0.6988996331877659,0.9919545669194533,0.8200312503744096,0.6949602121785491,0.9946838017751479,2373.rf.e46190ac62dfc1db6f49d8a51cb3c7f7.jpg,2.0029000006616116
1212,83156,0,88688,0.014365636260176411,0.9999999999174917,0.02832437206154794,0.014365636260176411,0.5194850221893491,2388.rf.dd8dc351bb67d6bfc9ae331dae59cb0d.jpg,4.348399990703911
2154,400,1667,168835,0.8433829287062106,0.5637267730812948,0.6757646578361366,0.510305614771137,0.9880558894230769,2400.rf.e2dbfc7baf8e55f3ee71cde186d199c2.jpg,2.081799990264699
843,43437,2,128774,0.0190379403793608,0.9976331359766115,0.037362877211239834,0.019037080529291726,0.7489887666420119,2412.rf.e84608f5da46f7643e7da0b7646e6db4.jpg,4.703100014012307
4156,58162,916,109822,0.06669020186773213,0.8194006308986711,0.12334172817810687,0.06572413574965094,0.658619175295858,2413.rf.669f2c0f7a1d89a840314907bb8be452.jpg,5.208699993090704
1707,30464,1,140884,0.05306020950529029,0.9994145198478094,0.10077037916117779,0.053058560238551974,0.8239587185650887,2416.rf.0daa5b77c15dedd67a5b013075476db8.jpg,5.103200004668906
1238,657,485,170676,0.653298152999826,0.7185142193430926,0.6843559478640096,0.520168067205035,0.9934009800295858,2426.rf.ae04998dc00ce092b840c07229072282.jpg,2.0334000000730157
4332,1067,353,167304,0.8023708093942884,0.924653148326048,0.8591828141765112,0.7531293463012321,0.9917945636094675,2437.rf.0d98e6b224e34447aafdf882383ea14a.jpg,2.4061999865807593
1069,38177,0,133810,0.027238444682191207,0.9999999999064546,0.053032364922698104,0.027238444682191207,0.7793951090976331,2454.rf.98ca60a89bb835f7ef56315930fdef1d.jpg,4.303400026401505
3395,18267,53,151341,0.15672606407461578,0.9846287702730676,0.27041017144719043,0.1563435413301573,0.8941383136094675,2470.rf.3bba055020993dc304c435353cfd1818.jpg,4.364699998404831
192,78,972,171814,0.7111111108477366,0.1649484535940766,0.2677823961742068,0.1545893719682295,0.993932599852071,2506.rf.0293f921d67e517ebc9ee35b7c32dc63.jpg,2.038700011326
2053,1681,249,169073,0.5498125334614405,0.89183318849297,0.6802517751906202,0.5154406226333056,0.9888475406804734,2515.rf.ff5e3199ed1dd044ecd274b38761e272.jpg,2.132499997969717
1176,595,385,170900,0.664031620515865,0.7533632286512899,0.705882303097419,0.5454545454292461,0.9943370931952663,2531.rf.5984304ff6cfd2e3dd5c21f219d415e9.jpg,2.3453999892808497
1329,732,122,170873,0.6448326055000082,0.9159200550712666,0.7568336644493722,0.608795235885992,0.9950651812130178,2535.rf.1c9939260116325701f7944151a9aeb1.jpg,1.894799992442131
1127,737,78,171114,0.604613733873143,0.9352697094659527,0.7344411383116344,0.5803295571276864,0.9952905417899408,2555.rf.8ce6a08bbea2d1ea1693f796bd43e9a3.jpg,2.5931000127457082
1282,171,720,170883,0.8823124569248236,0.6403596403276544,0.7421128311037328,0.5899677864431676,0.9948513775887574,2575.rf.702ecb64c7c46731d4c1896e1221bcb7.jpg,1.945800002431497
3943,6812,226,162075,0.3666201766586088,0.9457903573771699,0.5284105735067884,0.3590747655007825,0.9593310835798816,2584.rf.ae6d3c785f229ad271065776e4263d7f.jpg,3.7643999967258424
4418,51,2776,165811,0.9885880509960039,0.6141228801693894,0.7576094871416122,0.6097998619653582,0.9836642474112426,3018.rf.8080fab394ada475a530ab47db3dc637.jpg,2.299099985975772
4211,66,1708,167071,0.9845686228434751,0.7114377428499504,0.8260101513590136,0.703592314106874,0.9897489829881657,3023.rf.6e959c0e312734aaf3a0c0486fc4a906.jpg,1.9261999987065792
3183,45,2105,167723,0.9860594795233563,0.6019288956013251,0.7475340064544354,0.5968498031015029,0.987576275887574,3049.rf.4cf26f933dc21c9d1fda9807c0b3d35d.jpg,2.2689000179525465
4467,14,3583,164992,0.996875697366729,0.5549068322912434,0.7129518333838037,0.553943452374083,0.9792148206360947,3063.rf.8e65e867e7dac42c2cbfcc6107ea6a5c.jpg,2.1838000102434307
3394,74,6223,163365,0.978662053028297,0.3529167099890515,0.5187619021876548,0.3502218553260734,0.9636129345414202,3067.rf.006b54ea05537cb110efb4e8ee046272.jpg,2.158499992219731
1258,17,4620,167161,0.986666666589281,0.2140183735928204,0.35174049914478206,0.21340118744336894,0.9732052052514792,3068.rf.c15cd50686e78f2840ab43aa578e1d7d.jpg,2.4000999983400106
2477,35740,1650,133189,0.06481408797115207,0.6001938453937438,0.11699412561456629,0.062131587528376525,0.7839427699704142,3093.rf.842f05edf426b1584757049a52269c07.jpg,6.210399995325133
2441,173,668,169774,0.9338179035602978,0.78513991634657,0.853049050466558,0.7437538086305986,0.9951403014053254,3118.rf.c666d79c4882118c0a6142e165e3632f.jpg,1.8801999976858497
3128,779,74,169075,0.8006142820373532,0.9768894440669305,0.8800112038078158,0.785732228063659,0.9950709596893491,3137.rf.a83bb9c7dcb0b1dab1a5bf818c423185.jpg,2.643800020450726
2282,1644,17,169113,0.5812531838873853,0.9926054806005827,0.7331726441550945,0.5787471468278279,0.9904019508136095,3150.rf.1ca4ed4a1274c78e2030b61aa874e8ed.jpg,2.3296999861486256
1338,1653,0,170065,0.44734202606327844,0.9999999999252616,0.6181565754182806,0.44734202606327844,0.9904481786242604,3154.rf.96c992d5b0c2d0fc334a116d0ecf9330.jpg,2.131200017174706
1773,53513,8,117762,0.03206960170742671,0.9955081414376469,0.06213748146747203,0.03206496184028635,0.6907301682692307,3159.rf.8e32d9347a6cc6090b8810e9ecf6db13.jpg,5.321300006471574
1265,391,60,171340,0.7638888888427603,0.9547169810600213,0.8487084376443884,0.7371794871365279,0.9973939071745562,3162.rf.c7cb7c1c601f27043c0ddb17b74edfdd.jpg,2.5000000023283064
2573,872,106,169505,0.7468795355371007,0.9604329973512343,0.8403004079723357,0.7245846240291585,0.994348650147929,3172.rf.cb0999cf34611fb5bbdac2a5c68b926b.jpg,1.8459999992046505
1241,10130,71,161614,0.10913727904222023,0.9458841462693686,0.19569500628439623,0.10846005942922163,0.941053762943787,3174.rf.8ec774fc4db15af6b7d1e920c31f759c.jpg,3.005300008226186
2931,60118,7288,102719,0.04648765246071074,0.2868186711000409,0.08000761916855949,0.04167081336985986,0.610496024408284,3202.rf.e847435a50534b2273e1e2b8177f946e.jpg,4.4830999977421016
1508,29207,495,141846,0.049096532638616,0.7528706939214742,0.09218166220143018,0.048317846843805454,0.8283676960059172,3206.rf.ec6794d42a29e7bd3f3252073c6eed71.jpg,3.7142999935895205
5810,244,870,166132,0.959696068699047,0.8697604790288959,0.9125176193384821,0.8391103408313243,0.9935627773668639,3207.rf.f408ffa769bb22f0cc56b51300ed9ce1.jpg,2.3197000264190137
3507,399,155,168995,0.897849462342605,0.9576734024861367,0.9267969901966175,0.8635803988952578,0.996798724112426,3215.rf.2e19342a5e9557ad837d3b98267d1ffc.jpg,2.283500012708828
2546,60668,12,109830,0.040275888252538555,0.9953088349884556,0.07741895500032954,0.04026824407674016,0.6493620562130178,3225.rf.00490d0babc76539398c471f17b0d6e7.jpg,6.4362999983131886
2848,21806,84,148318,0.11551877991354133,0.9713506138822868,0.206481529612294,0.11512652599193497,0.8735091531065089,3227.rf.1bfaf73652a764c8825e813c25a347a8.jpg,4.678500001318753
1779,17051,8,154218,0.09447689856561615,0.9955232232235297,0.1725760136558923,0.09443677672738912,0.9014249722633136,3229.rf.66af8e45c447ae474773ccf8e7c50a5a.jpg,3.171799995470792
1842,254,260,170700,0.8788167938512016,0.8763082777889483,0.8775606931693494,0.7818336162656268,0.9970298631656804,3231.rf.4888b161d3d270231d4cc729b7348d7e.jpg,2.1231000137049705
2311,365,62,170318,0.8636023915970253,0.9738727348936421,0.9154287479255512,0.8440467494213277,0.9975325906065089,3240.rf.a3096e02cbb77913c600a48e6673fc34.jpg,2.1591999975498766
834,70,2211,169941,0.9225663715793622,0.2738916256067688,0.4223853787044918,0.267736757615803,0.9868192954881657,3258.rf.1b9e5091cb3dc7fe0abf4e44dd3e0dc7.jpg,2.0539000106509775
1494,1074,27,170461,0.5817757009119247,0.98224852064548,0.7307409657149008,0.5757225433304154,0.9936378975591716,3259.rf.a92a5f313a7c48a2a4e7973db4fb19e2.jpg,2.074699994409457
2652,6394,342,163668,0.2931682511574931,0.8857715430565875,0.44053152408772295,0.2824882829113497,0.9610761834319527,3262.rf.c9dc3251366364177a515678a4b7deca.jpg,3.296199982287362
2434,3119,97,167406,0.4383216279409631,0.9616752271449358,0.6021770970020439,0.43079646016936646,0.9814164201183432,3266.rf.e869e737911fd5b9235a9dcb6e297cc3.jpg,2.9538999951910228
1580,368,121,170987,0.811088295646248,0.9288653732552107,0.8659906325603675,0.7636539390641057,0.9971743250739645,3275.rf.f98acf5215d6730828f485c270ae7b54.jpg,2.1093999966979027
5218,67791,1033,99014,0.0714706406058548,0.8347464405561551,0.1316679138073851,0.07047351503191368,0.6023021449704142,3303.rf.061ce24aaf7333b08a68618808e54a9c.jpg,5.0196999800391495
8,2307,1357,169384,0.0034557235419673555,0.005860805860376498,0.004347779419348381,0.0021786492374134356,0.9788276627218935,3306.rf.b72adcdf677fa01eeccf1247826ff0d8.jpg,2.077899989672005
1397,169,936,170554,0.8920817368523575,0.5987998285212688,0.7165939503592703,0.5583533173238069,0.9936147836538461,3313.rf.5f0a7ba195fe30e2ed30165df414b94e.jpg,3.264400002080947
3502,123,264,169167,0.9660689654905913,0.9298990971606507,0.9476389704228098,0.9004885574466318,0.9977637296597633,3351.rf.1c54d04ac035ecc049785b24e7435668.jpg,1.9268000032752752
1834,1361,26,169835,0.5740219092152106,0.9860215053233321,0.7256181532607774,0.5693883886814844,0.9919852533284024,3354.rf.0a71b77956ae50ad6ea1195c2ac55cd0.jpg,2.5434000126551837
1831,33440,43,137742,0.0519123359132094,0.9770544289766779,0.09858661042103455,0.05184912499277383,0.8065192769970414,3376.rf.06fe7c72959b6ae5c03d19165ea3d515.jpg,4.03290000394918
3924,3109,4355,161668,0.5579411346429981,0.4739702862607323,0.5125391352773753,0.3445732349811681,0.9568694526627219,3443.rf.ae3196f72376757297122e81626f6f60.jpg,2.808499993989244
3886,6845,1260,161065,0.3621284130056646,0.7551496307665148,0.48951308838464513,0.3240763906236004,0.9531654493343196,3456.rf.30895a89b64e39620e28cd70e6330319.jpg,3.179799998179078
3665,10366,173,158852,0.26120732663202045,0.9549244397875215,0.41020758840378685,0.2580259081930581,0.939100637943787,3481.rf.df8774688622b789d11a98521eb9ea1f.jpg,2.7630999975372106
2152,548,257,170099,0.7970370370075172,0.8933167288960848,0.8424348689000336,0.7277646262858383,0.9953483265532544,3498.rf.d6a2177504b9a25c571a3c936d1ae1a8.jpg,2.3255000123754144
2563,76983,144,93366,0.032220350488984716,0.9468045806816844,0.06231990901736615,0.032162128246916596,0.5543234559911243,3600.rf.b7b614527ef02e79cf9bac0f01499db1.jpg,7.1629000012762845
1993,2311,87,168665,0.4630576208070851,0.958173076877011,0.6243733896325175,0.45388294237180865,0.9861432137573964,3808.rf.493b34c335bf6a7418b971aa62b7d0fd.jpg,2.447200007736683
2433,174,241,170208,0.9332566167651225,0.909872849629399,0.9214163483825474,0.8542837078351727,0.9976019323224852,3813.rf.e15af5ed48e2b7af887d08311ef9a478.jpg,2.034700009971857
2717,28043,153,142143,0.08832899869932273,0.9466898954373976,0.16158190529150057,0.08789182544532109,0.8370700813609467,3833.rf.e85ce14ff45661fe11e7d51a072cdef6.jpg,4.328899987740442
2079,56225,316,114436,0.03565793084516387,0.868058455078578,0.06850194467596253,0.03546571136124963,0.6732791697485208,3836.rf.5593476e218d3458202eb55d88f70676.jpg,4.930600000079721
3321,6464,773,162498,0.3393970362765519,0.8111871030578607,0.47856469649343203,0.31454820988525717,0.9581811667899408,3841.rf.10b7cdb473d0d68639078e98f220754a.jpg,4.7587000008206815
2270,43294,122,127370,0.049820033359560575,0.9489966554787209,0.09467010479279447,0.04968699382732197,0.7491216715976331,3848.rf.eebe99038cd40502695607594e000258.jpg,3.9164999907370657
1739,9724,130,161463,0.15170548721842705,0.9304440876976755,0.2608760634976379,0.15000431294617436,0.9430588942307693,3852.rf.449ecbe5cec6616321519ad9291ee6ea.jpg,3.561400022590533
3278,97043,221,72514,0.03267511288759813,0.9368390968580498,0.06314774921761215,0.032603290167260844,0.4379622781065089,3872.rf.0e39fa77d324ee70da6d5e31e943678c.jpg,5.448700016131625
1216,33,360,171447,0.9735788630125236,0.771573604011956,0.8608849063611963,0.7557489123209603,0.9977290588017751,3885.rf.5d0b08090bb3c2fcd3bc8fe36db9e51a.jpg,1.8816000083461404
1811,13687,16,157542,0.11685378758474091,0.9912424739468394,0.20906203019286046,0.11673327317186584,0.920817538831361,3897.rf.94c81f86436f41e7bba4b2e66934a470.jpg,4.1606000158935785
